bag_id,bsn,Openbare_ruimte_id,Nummeraanduiding_id,Adresseerbaar_object_id,Pand_id,Kadastraal_object_id,Zakelijk_recht_id,Kadastraal_subject_id,Transactie_id,Adresseerbaar_object_type,Straatcode,Naam_officieel,Naam_nen,Naam_ptt,Huisnummer,Huisletter,Toevoeging,Postcode,Gebruiksdoel,Aantal_kamers,Woonoppervlak,Indicatie_nevenadres,Documentmutatiedatum,Documentmutatienummer,Bouwlaagtoegang,Aantal_bouwlagen,Type_woonobject_oms,Eigendomsverhouding,Financieringswijze,Feitelijk_gebruik,Ligging_gebouw,Status_nummeraanduiding,Nummeraanduiding_vervallen,Nummeraanduiding_ingangsdatum,Nummeraanduiding_einddatum,Status_adresseerbaar_object,Aot_x_coordinaat,Aot_y_coordinaat,Oorspronkelijk_bouwjaar,Kadgemkode,Sektielt,Konr,Kolt,Koindex,Perceeloppervlak,Ddtransakt,Zakelijkrecht,Aandeel,Ffkoopsom,Subjekt_oms
363010000548670,111111111,3630000002562,3630000011582,3630000548670,3630013088976,122272,1629072,20846,758838,vbo,388,Eerste Van der Helststraat,1e Van der Helststraat,1E VD HELSTSTR,1,,2,1073 AB,Best-woning,4,55,nee,09-09-10,GV00000406,2,1,Meergezinswoning,huur,Ongesubsidieerde bouw,woning,hoekgebouw,naamgeving uitgegeven,N,01-01-1005,,Verblijfsobject in gebruik,121314,485487,1875,ASD14,R,4920,G,0,83,22-01-97,Eigendom bel. met recht van erfpacht,1-jan.,100000,De Gemeente Amsterdam R
363010000548671,222222222,3630000002562,3630000011583,3630000548671,3630013088976,122272,1629072,20846,758838,vbo,388,Eerste Van der Helststraat,1e Van der Helststraat,1E VD HELSTSTR,1,,3,1073 AB,Best-woning,4,56,nee,09-09-10,GV00000406,3,1,Meergezinswoning,huur,Ongesubsidieerde bouw,woning,hoekgebouw,naamgeving uitgegeven,N,01-01-1005,,Verblijfsobject in gebruik,121314,485487,1875,ASD14,R,4920,G,0,83,22-01-97,Eigendom bel. met recht van erfpacht,1-jan.,100000,De Gemeente Amsterdam R
363010000560810,333333333,3630000002646,3630000023658,3630000560810,3630013096914,437583,143953,24759,1068290,vbo,1457,Admiralengracht,Admiralengracht,ADMIRALENGR,1,,1,1057 EX,Best-woning,3,47,nee,09-09-10,GV00000406,1,1,Meergezinswoning,huur,Premiehuur Profit voor 1985,woning,tussengebouw,naamgeving uitgegeven,N,01-01-24,,Verblijfsobject in gebruik,118987,486532,1924,STN02,C,5853,G,0,120,16-12-92,Eigendom bel. met recht van erfpacht,1-jan.,100000,De Gemeente Amsterdam Sloten
363010000560818,444444444,3630000002646,3630000023666,3630000560818,3630012965167,437582,143949,24759,1068288,vbo,1457,Admiralengracht,Admiralengracht,ADMIRALENGR,1,,1,1057 EZ,Best-woning,3,47,nee,09-09-10,GV00000406,1,1,Meergezinswoning,huur,Premiehuur Profit voor 1985,woning,tussengebouw,naamgeving uitgegeven,N,01-01-24,,Verblijfsobject in gebruik,118986,486537,1924,STN02,C,5852,G,0,120,16-12-92,Eigendom bel. met recht van erfpacht,1-jan.,100000,De Gemeente Amsterdam Sloten
363010000565990,555555555,3630000002698,3630000028776,3630000565990,3630013095011,418573,1953491,20863,241455,vbo,2135,Amerbos,Amerbos,AMERBOS,1,,,1025 XX,Best-woning,5,136,nee,02-04-13,GV00001616_AC00AC,0,3,Eengezinswoning,eigendom,Ongesubsidieerde bouw,woning,tussengebouw,naamgeving uitgegeven,N,01-01-70,,Verblijfsobject in gebruik,124852,490626,1970,ASD31,AL,533,G,0,81,2026-07-05,Eigendom bel. met recht van erfpacht,1-jan.,100000,De Gemeente Amsterdam Al
363010000566481,666666666,3630000002699,3630000029267,3630000566481,3630013098880,488207,2677714,24752,1573734,vbo,2151,Amoebastraat,Amoebastraat,AMOEBASTR,1,,,1035 VL,Best-woning,4,93,nee,02-04-13,GV00001616_AC00AC,0,3,Eengezinswoning,huur,Sociale huursector woningwet,woning,tussengebouw,naamgeving uitgegeven,N,01-01-58,,Verblijfsobject in gebruik,122264,492479,1958,ASD35,AP,3506,G,0,154,2015-11-13,Eigendom bel. met recht van erfpacht,1-jan.,100000,Gemeente Amsterdam Ap
363010000577528,777777777,3630000002477,3630000040245,3630000577528,3630013052147,420677,2473300,20864,1433756,vbo,3484,Barkpad,Barkpad,BARKPAD,1,,,1034 DG,Best-woning,4,90,nee,09-09-10,GV00000406,0,3,Eengezinswoning,eigendom,Subsidie Premiekoop A,woning,tussengebouw,naamgeving uitgegeven,N,01-12-87,,Verblijfsobject in gebruik,122563,490680,1987,ASD32,AM,332,G,0,137,2024-02-12,Eigendom bel. met recht van erfpacht,1-jan.,100000,Gemeente Amsterdam Am
363010000603675,888888888,3630000003092,3630000066024,3630000603675,3630013116582,275426,544270,20860,567732,vbo,6815,Centaurusstraat,Centaurusstraat,CENTAURUSSTR,1,,,1033 AX,Best-woning,5,77,nee,02-04-13,GV00001616_AC00AC,0,1,Eengezinswoning,eigendom,Sociale huursector woningwet,woning,tussengebouw,naamgeving uitgegeven,N,01-01-23,,Verblijfsobject in gebruik,120812,491980,1923,ASD28,AH,3427,G,0,136,2018-01-08,Eigendom bel. met recht van erfpacht,1-jan.,100000,De Gemeente Amsterdam Ah
363010000603675,999999999,3630000003092,3630000066024,3630000603675,3630013116582,276350,544272,20860,567733,vbo,6815,Centaurusstraat,Centaurusstraat,CENTAURUSSTR,1,,,1033 AX,Best-woning,5,77,nee,02-04-13,GV00001616_AC00AC,0,1,Eengezinswoning,eigendom,Sociale huursector woningwet,woning,tussengebouw,naamgeving uitgegeven,N,01-01-23,,Verblijfsobject in gebruik,120812,491980,1923,ASD28,AH,3445,G,0,6,2018-01-08,Eigendom bel. met recht van erfpacht,1-jan.,100000,De Gemeente Amsterdam Ah
363010000602209,111111111,3630000003085,3630000064519,3630000602209,3630012986414,301025,520581,20860,462814,vbo,6734,Castorplein,Castorplein,CASTORPLN,1,,,1033 GG,Best-woning,4,55,nee,02-04-13,GV00001616_AC00AC,0,1,Eengezinswoning,eigendom,Sociale huursector woningwet,woning,tussengebouw,naamgeving uitgegeven,N,01-01-22,,Verblijfsobject in gebruik,121234,491664,1922,ASD28,AH,1841,G,0,6,2027-07-07,Eigendom bel. met recht van erfpacht,1-jan.,100000,De Gemeente Amsterdam Ah
363010000602209,222222222,3630000003085,3630000064519,3630000602209,3630012986414,301044,520584,20860,462815,vbo,6734,Castorplein,Castorplein,CASTORPLN,1,,,1033 GG,Best-woning,4,55,nee,02-04-13,GV00001616_AC00AC,0,1,Eengezinswoning,eigendom,Sociale huursector woningwet,woning,tussengebouw,naamgeving uitgegeven,N,01-01-22,,Verblijfsobject in gebruik,121234,491664,1922,ASD28,AH,1860,G,0,91,2027-07-07,Eigendom bel. met recht van erfpacht,1-jan.,100000,De Gemeente Amsterdam Ah
363010000599846,333333333,3630000003057,3630000062177,3630000599846,3630013053671,45425,77970,24759,1161999,vbo,6238,Burgemeester Röellstraat,Burgemeester Roellstraat,BURG ROELLSTR,1,,5,1064 BK,Best-woning,4,65,nee,02-04-13,GV00001616_AC00AC,5,1,Meergezinswoning,huur,Premiehuur Profit voor 1985,woning,hoekgebouw,naamgeving uitgegeven,N,01-01-59,,Verblijfsobject in gebruik,117313,487389,1959,STN02,D,5645,G,0,517,2024-12-02,Eigendom bel. met recht van erfpacht,1-jan.,100000,De Gemeente Amsterdam Sloten
363010000599855,444444444,3630000003057,3630000062186,3630000599855,3630013053671,45425,77970,24759,1161999,vbo,6238,Burgemeester Röellstraat,Burgemeester Roellstraat,BURG ROELLSTR,1,,2,1064 BK,Best-woning,3,58,nee,02-04-13,GV00001616_AC00AC,2,1,Meergezinswoning,huur,Premiehuur Profit voor 1985,woning,hoekgebouw,naamgeving uitgegeven,N,01-01-59,,Verblijfsobject in gebruik,117309,487389,1959,STN02,D,5645,G,0,517,2024-12-02,Eigendom bel. met recht van erfpacht,1-jan.,100000,De Gemeente Amsterdam Sloten
363010000599859,555555555,3630000003057,3630000062190,3630000599859,3630013053671,45425,77970,24759,1161999,vbo,6238,Burgemeester Röellstraat,Burgemeester Roellstraat,BURG ROELLSTR,1,,6,1064 BK,Best-woning,3,58,nee,02-04-13,GV00001616_AC00AC,6,1,Meergezinswoning,huur,Premiehuur Profit voor 1985,woning,hoekgebouw,naamgeving uitgegeven,N,01-01-59,,Verblijfsobject in gebruik,117309,487389,1959,STN02,D,5645,G,0,517,2024-12-02,Eigendom bel. met recht van erfpacht,1-jan.,100000,De Gemeente Amsterdam Sloten
363010000605113,666666666,3630000003108,3630000067489,3630000605113,3630013095244,132928,1794955,20850,861414,vbo,7196,Churchill-laan,Churchilllaan,CHURCHILLLN,1,,1,1078 EG,Best-woning,3,63,nee,02-04-13,GV00001616_AC00AC,1,1,Meergezinswoning,huur,Ongesubsidieerde bouw,woning,hoekgebouw,naamgeving uitgegeven,N,01-01-25,,Verblijfsobject in gebruik,121912,484443,1925,ASD18,V,5374,G,0,980,01-04-98,Eigendom bel. met recht van erfpacht,1-jan.,100000,De Gemeente Amsterdam V
363010000616046,777777777,3630000003203,3630000078237,3630000616046,3630013120674,52109,501312,24759,542339,vbo,8435,Davisstraat,Davisstraat,DAVISSTR,1,,1,1057 TK,Best-woning,3,54,nee,09-09-10,GV00000406,1,1,Meergezinswoning,huur,Ongesubsidieerde bouw,woning,tussengebouw,naamgeving uitgegeven,N,01-01-29,,Verblijfsobject in gebruik,118845,486587,1929,STN02,C,7855,G,0,91,12-03-07,Eigendom bel. met recht van erfpacht,1-jan.,100000,De Gemeente Amsterdam Sloten
363010000617676,888888888,3630000003216,3630000079967,3630000617676,3630013116000,139045,896611,49,146751,vbo,8672,De Kempenaerstraat,De Kempenaerstraat,DE KEMPENAERSTR,1,B,,1051 CK,Best-woning,2,52,nee,09-09-10,GV00000406,1,1,Meergezinswoning,huur,Sociale huursector woningwet,woning,tussengebouw,naamgeving uitgegeven,N,01-01-16,,Verblijfsobject in gebruik,119754,488308,1916,ASD21,Y,2109,G,0,193,2024-12-04,Recht van erfpacht,1-jan.,100000,Algemene Woningbouw Vereniging
363010000617676,999999999,3630000003216,3630000079967,3630000617676,3630013116000,139045,896610,20853,146751,vbo,8672,De Kempenaerstraat,De Kempenaerstraat,DE KEMPENAERSTR,1,B,,1051 CK,Best-woning,2,52,nee,09-09-10,GV00000406,1,1,Meergezinswoning,huur,Sociale huursector woningwet,woning,tussengebouw,naamgeving uitgegeven,N,01-01-16,,Verblijfsobject in gebruik,119754,488308,1916,ASD21,Y,2109,G,0,193,2024-12-04,Eigendom bel. met recht van erfpacht,1-jan.,100000,De Gemeente Amsterdam Y
363010000617206,111111111,3630000003210,3630000079499,3630000617206,3630012984605,270407,2577609,20862,1498826,vbo,8516,De Cuserstraat,De Cuserstraat,DE CUSERSTR,1,,,1081 CL,Best-woning,5,138,nee,02-04-13,GV00001616_AC00AC,0,2,Eengezinswoning,huur,Ongesubsidieerde bouw,woning,tussengebouw,naamgeving uitgegeven,N,01-01-63,,Verblijfsobject in gebruik,119155,481848,1963,ASD30,AK,1686,G,0,187,2029-01-13,Eigendom bel. met recht van erfpacht,1-jan.,100000,De Gemeente Amsterdam Ak
363010000631834,222222222,3630000002825,3630000094142,3630000631834,3630013050146,8549,1224455,49,786953,vbo,10944,Elisabeth Wolffstraat,Elisabeth Wolffstraat,E WOLFFSTR,1,,2,1052 RP,Best-woning,3,51,nee,09-09-10,GV00000406,2,1,Meergezinswoning,huur,Ongesubsidieerde bouw,woning,tussengebouw,naamgeving uitgegeven,N,01-01-08,,Verblijfsobject in gebruik,119575,487105,1908,ASD13,Q,5850,G,0,173,13-06-94,Recht van erfpacht,1-jan.,100000,Algemene Woningbouw Vereniging
363010000631834,333333333,3630000002825,3630000094142,3630000631834,3630013050146,8549,1224456,20845,786953,vbo,10944,Elisabeth Wolffstraat,Elisabeth Wolffstraat,E WOLFFSTR,1,,2,1052 RP,Best-woning,3,51,nee,09-09-10,GV00000406,2,1,Meergezinswoning,huur,Ongesubsidieerde bouw,woning,tussengebouw,naamgeving uitgegeven,N,01-01-08,,Verblijfsobject in gebruik,119575,487105,1908,ASD13,Q,5850,G,0,173,13-06-94,Eigendom bel. met recht van erfpacht,1-jan.,100000,De Gemeente Amsterdam Q
363010000675517,444444444,3630000003617,3630000137485,3630000675517,3630013072270,118615,2650263,20850,1549144,vbo,16373,Hunzestraat,Hunzestraat,HUNZESTR,1,,2,1079 VS,Best-woning,4,70,nee,09-09-10,GV00000406,2,1,Meergezinswoning,huur,Ongesubsidieerde bouw,woning,tussengebouw,naamgeving uitgegeven,N,01-01-31,,Verblijfsobject in gebruik,122149,484150,1931,ASD18,V,8723,G,0,169,08-01-13,Eigendom bel. met recht van erfpacht,1-jan.,100000,De Gemeente Amsterdam V
363010000662531,555555555,3630000003376,3630000124630,3630000662531,3630013027505,114059,2049356,24759,333264,vbo,14850,Hendrik Bulthuisstraat,Hendrik Bulthuisstraat,H BULTHUISSTR,1,,,1067 SE,Best-woning,4,66,nee,09-09-10,GV00000406,0,2,Eengezinswoning,eigendom,Sociale huursector woningwet,woning,tussengebouw,naamgeving uitgegeven,N,01-01-58,,Verblijfsobject in gebruik,114671,487520,1958,STN02,I,4629,G,0,99,2021-10-05,Eigendom bel. met recht van erfpacht,1-jan.,100000,De Gemeente Amsterdam Sloten
363010000676736,666666666,3630000003627,3630000138537,3630000676736,3630012966749,416714,2270479,20863,1308944,vbo,16500,Ilpendammerstraat,Ilpendammerstraat,ILPENDAMMERSTR,1,,,1023 AV,Best-woning,3,50,nee,02-04-13,GV00001616_AC00AC,0,1,Eengezinswoning,eigendom,Sociale huursector woningwet,woning,tussengebouw,naamgeving uitgegeven,N,01-01-26,,Verblijfsobject in gebruik,124884,489426,1926,ASD31,AL,3544,G,0,84,03-02-10,Eigendom bel. met recht van erfpacht,1-jan.,100000,De Gemeente Amsterdam Al
363010000673205,777777777,3630000003593,3630000135159,3630000673205,3630012963500,533121,2449585,20863,1416318,vbo,15997,Hoogwoudstraat,Hoogwoudstraat,HOOGWOUDSTR,1,,,1023 XW,Best-woning,4,70,nee,02-04-13,GV00001616_AC00AC,0,1,Eengezinswoning,eigendom,Sociale huursector woningwet,woning,tussengebouw,naamgeving uitgegeven,N,01-01-49,,Verblijfsobject in gebruik,124456,489586,1949,ASD31,AL,5260,G,0,93,2016-01-12,Eigendom bel. met recht van erfpacht,1-jan.,100000,De Gemeente Amsterdam Al
363010000639105,888888888,3630000002904,3630000101269,3630000639105,3630013120216,91438,510958,24759,484014,vbo,12068,Fred. Thomasstraat,Fred. Thomasstraat,F THOMASSTR,1,,,1068 WD,Best-woning,4,62,nee,09-09-10,GV00000406,0,3,Eengezinswoning,eigendom,Sociale huursector woningwet,woning,tussengebouw,naamgeving uitgegeven,N,01-01-60,,Verblijfsobject in gebruik,115960,485293,1960,STN02,D,9073,G,0,23,05-10-07,Eigendom bel. met recht van erfpacht,1-jan.,100000,De Gemeente Amsterdam Sloten
363010000639105,999999999,3630000002904,3630000101269,3630000639105,3630013120216,475696,510858,24759,483952,vbo,12068,Fred. Thomasstraat,Fred. Thomasstraat,F THOMASSTR,1,,,1068 WD,Best-woning,4,62,nee,09-09-10,GV00000406,0,3,Eengezinswoning,eigendom,Sociale huursector woningwet,woning,tussengebouw,naamgeving uitgegeven,N,01-01-60,,Verblijfsobject in gebruik,115960,485293,1960,STN02,D,8478,G,0,68,05-10-07,Eigendom bel. met recht van erfpacht,1-jan.,100000,De Gemeente Amsterdam Sloten
363010000676491,111111111,3630000003625,3630000138320,3630000676491,3630012963046,126091,1662303,20850,860862,vbo,16489,IJselstraat,IJselstraat,YSELSTR,1,,1,1078 CA,Best-woning,4,59,nee,09-09-10,GV00000406,1,1,Meergezinswoning,huur,Ongesubsidieerde bouw,woning,tussengebouw,naamgeving uitgegeven,N,01-01-25,,Verblijfsobject in gebruik,122007,484481,1925,ASD18,V,5624,G,0,218,04-12-01,Eigendom bel. met recht van erfpacht,1-jan.,100000,De Gemeente Amsterdam V
363010000668624,222222222,3630000003568,3630000130598,3630000668624,3630013049054,333989,563049,289716,567111,vbo,15636,Hofgeest,Hofgeest,HOFGEEST,1,,,1102 EA,Best-woning,4,89,nee,02-04-13,GV00001616_AC00AC,6,1,Meergezinswoning,huur,Sociale huursector woningwet,woning,onbekend,naamgeving uitgegeven,N,01-01-69,,Verblijfsobject in gebruik,125731,480542,1969,WPK02,L,6234,A,79,,2020-12-07,Eigendom,1-jan.,100000,Rvg Beleggingen Amsterdam B.V.
363010000660465,333333333,3630000003355,3630000122554,3630000660465,3630012966352,315768,240002,139894,1241587,vbo,14567,Heemstedestraat,Heemstedestraat,HEEMSTEDESTR,1,,2,1058 NM,Best-woning,4,54,nee,02-04-13,GV00001616_AC00AC,2,1,Meergezinswoning,huur,Ongesubsidieerde bouw,woning,tussengebouw,naamgeving uitgegeven,N,01-01-28,,Verblijfsobject in gebruik,118271,485006,1928,STN02,O,2863,A,23,,17-09-96,Eigendom,1-jan.,100000,Vve.V/H Gebouw Heemstedestraat 20-28 Te Amsterdam
363010000660465,444444444,3630000003355,3630000122554,3630000660465,3630012966352,308292,295146,198119,1220218,vbo,14567,Heemstedestraat,Heemstedestraat,HEEMSTEDESTR,1,,2,1058 NM,Best-woning,4,54,nee,02-04-13,GV00001616_AC00AC,2,1,Meergezinswoning,huur,Ongesubsidieerde bouw,woning,tussengebouw,naamgeving uitgegeven,N,01-01-28,,Verblijfsobject in gebruik,118271,485006,1928,STN02,O,10,G,0,686,17-09-96,Eigendom,1-jan.,100000,Vereniging Van Eigenaars Van Het Gebouw Heemstedestr 20-28 (Even Nummers) Te Amsterdam
363010000660465,555555555,3630000003355,3630000122554,3630000660465,3630012966352,308292,295146,198119,1220218,vbo,14567,Heemstedestraat,Heemstedestraat,HEEMSTEDESTR,1,,2,1058 NM,Best-woning,4,54,nee,02-04-13,GV00001616_AC00AC,2,1,Meergezinswoning,huur,Ongesubsidieerde bouw,woning,tussengebouw,naamgeving uitgegeven,N,01-01-28,,Verblijfsobject in gebruik,118271,485006,1928,STN02,O,10,G,0,686,17-09-96,Eigendom,1-jan.,100000,Vereniging Van Eigenaars Van Het Gebouw Heemstedestr 20-28 (Even Nummers) Te Amsterdam
363010000977483,666666666,3630000002857,3630000096305,3630000977483,3630012983226,168684,132683,1246,1120141,vbo,11436,Evertsweertstraat,Evertsweertstraat,EVERTSWEERTSTR,1,,,1069 EB,Best-woning,99,1,nee,09-09-10,GV00000406,99,99,Meergezinswoning,huur,Ongesubsidieerde bouw,(detail)handel / winkel,onbekend,naamgeving uitgegeven,N,01-01-88,,Verblijfsobject in gebruik,114674,485614,1962,STN02,E,3884,G,0,958,03-10-94,Eigendom bel. met recht van erfpacht,1-jan.,100000,De Gemeente Amsterdam
363010000672454,777777777,3630000003590,3630000134460,3630000672454,3630013099987,316202,1278272,24761,181669,vbo,15962,Hoogoord,Hoogoord,HOOGOORD,1,,,1102 CA,Best-woning,2,61,nee,02-04-13,GV00001616_AC00AC,5,1,Meergezinswoning,eigendom,Sociale huursector woningwet,woning,onbekend,naamgeving uitgegeven,N,01-01-68,,Verblijfsobject in gebruik,125520,480611,1969,WPK02,L,5227,A,67,,2015-04-05,Eigendom bel. met recht van erfpacht,1-jan.,100000,De Gemeente Amsterdam Weesperkarspel
363010000670700,888888888,3630000003587,3630000132693,3630000670700,3630012964030,169612,2703070,409918,1592473,vbo,15903,Hoofdweg,Hoofdweg,HOOFDWG,1,A,H,1058 AW,Best-woning,8,250,nee,2024-04-12,SE00374437,0,3,Meergezinswoning,huur,Ongesubsidieerde bouw,woning,hoekgebouw,naamgeving uitgegeven,N,01-01-27,,Verblijfsobject in gebruik (niet ingemeten),118611,485924,1927,STN02,M,353,G,0,116,12-02-13,Recht van erfpacht,1-jan.,100000,Buro Amsterdam B.V.
363010000670700,999999999,3630000003587,3630000132693,3630000670700,3630012964030,169613,2703071,409918,1592474,vbo,15903,Hoofdweg,Hoofdweg,HOOFDWG,1,A,H,1058 AW,Best-woning,8,250,nee,2024-04-12,SE00374437,0,3,Meergezinswoning,huur,Ongesubsidieerde bouw,woning,hoekgebouw,naamgeving uitgegeven,N,01-01-27,,Verblijfsobject in gebruik (niet ingemeten),118611,485924,1927,STN02,M,355,G,0,32,12-02-13,Eigendom,1-jan.,100000,Buro Amsterdam B.V.
363010000670700,111111111,3630000003587,3630000132693,3630000670700,3630012964030,169612,2703069,24759,1592473,vbo,15903,Hoofdweg,Hoofdweg,HOOFDWG,1,A,H,1058 AW,Best-woning,8,250,nee,2024-04-12,SE00374437,0,3,Meergezinswoning,huur,Ongesubsidieerde bouw,woning,hoekgebouw,naamgeving uitgegeven,N,01-01-27,,Verblijfsobject in gebruik (niet ingemeten),118611,485924,1927,STN02,M,353,G,0,116,12-02-13,Eigendom bel. met recht van erfpacht,1-jan.,100000,De Gemeente Amsterdam Sloten
363010000634876,222222222,3630000002864,3630000097251,3630000634876,3630013125295,139252,1759717,20853,1004610,vbo,11525,Fannius Scholtenstraat,Fannius Scholtenstraat,F SCHOLTENSTR,1,,1,1051 EX,Best-woning,2,38,nee,09-09-10,GV00000406,1,1,Meergezinswoning,huur,Ongesubsidieerde bouw,woning,hoekgebouw,naamgeving uitgegeven,N,01-01-1005,,Verblijfsobject in gebruik,120007,488641,1902,ASD21,Y,2546,G,0,107,07-04-93,Eigendom bel. met recht van erfpacht,1-jan.,100000,De Gemeente Amsterdam Y
363010000676740,333333333,3630000003627,3630000138541,3630000676740,3630013046291,416731,2127760,20863,375799,vbo,16500,Ilpendammerstraat,Ilpendammerstraat,ILPENDAMMERSTR,1,,,1023 AV,Best-woning,3,52,nee,09-09-10,GV00000406,0,1,Eengezinswoning,eigendom,Sociale huursector woningwet,woning,tussengebouw,naamgeving uitgegeven,N,01-01-26,,Verblijfsobject in gebruik,124905,489430,1926,ASD31,AL,3561,G,0,97,2013-02-06,Eigendom bel. met recht van erfpacht,1-jan.,100000,De Gemeente Amsterdam Al
363010000730282,444444444,3630000004229,3630000191203,3630000730282,3630013035171,126229,1707530,1246,832701,vbo,22934,Lutmastraat,Lutmastraat,LUTMASTR,1,,H,1072 JM,Best-woning,3,60,nee,09-09-10,GV00000406,0,1,Meergezinswoning,huur,Premiehuur Profit voor 1985,woning,tussengebouw,naamgeving uitgegeven,N,01-01-22,,Verblijfsobject in gebruik,121356,484863,1922,ASD18,V,5904,G,0,149,03-01-94,Eigendom,1-jan.,100000,De Gemeente Amsterdam
363010000730282,555555555,3630000004229,3630000191203,3630000730282,3630013035171,126230,1707535,1246,832704,vbo,22934,Lutmastraat,Lutmastraat,LUTMASTR,1,,H,1072 JM,Best-woning,3,60,nee,09-09-10,GV00000406,0,1,Meergezinswoning,huur,Premiehuur Profit voor 1985,woning,tussengebouw,naamgeving uitgegeven,N,01-01-22,,Verblijfsobject in gebruik,121356,484863,1922,ASD18,V,5905,G,0,158,03-01-94,Eigendom,1-jan.,100000,De Gemeente Amsterdam
363010000730282,666666666,3630000004229,3630000191203,3630000730282,3630013035171,126231,1707540,1246,832707,vbo,22934,Lutmastraat,Lutmastraat,LUTMASTR,1,,H,1072 JM,Best-woning,3,60,nee,09-09-10,GV00000406,0,1,Meergezinswoning,huur,Premiehuur Profit voor 1985,woning,tussengebouw,naamgeving uitgegeven,N,01-01-22,,Verblijfsobject in gebruik,121356,484863,1922,ASD18,V,5906,G,0,150,03-01-94,Eigendom,1-jan.,100000,De Gemeente Amsterdam
363010000730282,777777777,3630000004229,3630000191203,3630000730282,3630013035171,126232,1707545,1246,832710,vbo,22934,Lutmastraat,Lutmastraat,LUTMASTR,1,,H,1072 JM,Best-woning,3,60,nee,09-09-10,GV00000406,0,1,Meergezinswoning,huur,Premiehuur Profit voor 1985,woning,tussengebouw,naamgeving uitgegeven,N,01-01-22,,Verblijfsobject in gebruik,121356,484863,1922,ASD18,V,5907,G,0,149,03-01-94,Eigendom,1-jan.,100000,De Gemeente Amsterdam
363010000730282,888888888,3630000004229,3630000191203,3630000730282,3630013035171,126228,1707525,1246,832698,vbo,22934,Lutmastraat,Lutmastraat,LUTMASTR,1,,H,1072 JM,Best-woning,3,60,nee,09-09-10,GV00000406,0,1,Meergezinswoning,huur,Premiehuur Profit voor 1985,woning,tussengebouw,naamgeving uitgegeven,N,01-01-22,,Verblijfsobject in gebruik,121356,484863,1922,ASD18,V,5903,G,0,137,03-01-94,Eigendom,1-jan.,100000,De Gemeente Amsterdam
363010000730283,999999999,3630000004229,3630000191204,3630000730283,3630013035171,126231,1707540,1246,832707,vbo,22934,Lutmastraat,Lutmastraat,LUTMASTR,1,,1,1072 JM,Best-woning,3,57,nee,09-09-10,GV00000406,1,1,Meergezinswoning,huur,Premiehuur Profit voor 1985,woning,tussengebouw,naamgeving uitgegeven,N,01-01-22,,Verblijfsobject in gebruik,121356,484863,1922,ASD18,V,5906,G,0,150,03-01-94,Eigendom,1-jan.,100000,De Gemeente Amsterdam
363010000730283,111111111,3630000004229,3630000191204,3630000730283,3630013035171,126232,1707545,1246,832710,vbo,22934,Lutmastraat,Lutmastraat,LUTMASTR,1,,1,1072 JM,Best-woning,3,57,nee,09-09-10,GV00000406,1,1,Meergezinswoning,huur,Premiehuur Profit voor 1985,woning,tussengebouw,naamgeving uitgegeven,N,01-01-22,,Verblijfsobject in gebruik,121356,484863,1922,ASD18,V,5907,G,0,149,03-01-94,Eigendom,1-jan.,100000,De Gemeente Amsterdam
363010000730283,222222222,3630000004229,3630000191204,3630000730283,3630013035171,126230,1707535,1246,832704,vbo,22934,Lutmastraat,Lutmastraat,LUTMASTR,1,,1,1072 JM,Best-woning,3,57,nee,09-09-10,GV00000406,1,1,Meergezinswoning,huur,Premiehuur Profit voor 1985,woning,tussengebouw,naamgeving uitgegeven,N,01-01-22,,Verblijfsobject in gebruik,121356,484863,1922,ASD18,V,5905,G,0,158,03-01-94,Eigendom,1-jan.,100000,De Gemeente Amsterdam
363010000730283,333333333,3630000004229,3630000191204,3630000730283,3630013035171,126229,1707530,1246,832701,vbo,22934,Lutmastraat,Lutmastraat,LUTMASTR,1,,1,1072 JM,Best-woning,3,57,nee,09-09-10,GV00000406,1,1,Meergezinswoning,huur,Premiehuur Profit voor 1985,woning,tussengebouw,naamgeving uitgegeven,N,01-01-22,,Verblijfsobject in gebruik,121356,484863,1922,ASD18,V,5904,G,0,149,03-01-94,Eigendom,1-jan.,100000,De Gemeente Amsterdam
363010000730283,444444444,3630000004229,3630000191204,3630000730283,3630013035171,126228,1707525,1246,832698,vbo,22934,Lutmastraat,Lutmastraat,LUTMASTR,1,,1,1072 JM,Best-woning,3,57,nee,09-09-10,GV00000406,1,1,Meergezinswoning,huur,Premiehuur Profit voor 1985,woning,tussengebouw,naamgeving uitgegeven,N,01-01-22,,Verblijfsobject in gebruik,121356,484863,1922,ASD18,V,5903,G,0,137,03-01-94,Eigendom,1-jan.,100000,De Gemeente Amsterdam
363010000729699,555555555,3630000004223,3630000190607,3630000729699,3630013053453,178379,576792,289716,539316,vbo,22845,Lucellestraat,Lucellestraat,LUCELLESTR,1,,2,1055 HV,Best-woning,3,46,nee,09-09-10,GV00000406,2,1,Meergezinswoning,huur,Ongesubsidieerde bouw,woning,tussengebouw,naamgeving uitgegeven,N,01-01-41,,Verblijfsobject in gebruik,118342,488265,1941,STN02,N,542,A,49,,2020-12-07,Eigendom,1-jan.,100000,Rvg Beleggingen Amsterdam B.V.
363010000730275,666666666,3630000004229,3630000191196,3630000730275,3630013005447,126228,1707525,1246,832698,vbo,22934,Lutmastraat,Lutmastraat,LUTMASTR,1,,2,1072 JM,Best-woning,4,62,nee,02-04-13,GV00001616_AC00AC,2,1,Meergezinswoning,huur,Premiehuur Profit voor 1985,woning,tussengebouw,naamgeving uitgegeven,N,01-01-22,,Verblijfsobject in gebruik,121348,484863,1922,ASD18,V,5903,G,0,137,03-01-94,Eigendom,1-jan.,100000,De Gemeente Amsterdam
363010000730275,777777777,3630000004229,3630000191196,3630000730275,3630013005447,126231,1707540,1246,832707,vbo,22934,Lutmastraat,Lutmastraat,LUTMASTR,1,,2,1072 JM,Best-woning,4,62,nee,02-04-13,GV00001616_AC00AC,2,1,Meergezinswoning,huur,Premiehuur Profit voor 1985,woning,tussengebouw,naamgeving uitgegeven,N,01-01-22,,Verblijfsobject in gebruik,121348,484863,1922,ASD18,V,5906,G,0,150,03-01-94,Eigendom,1-jan.,100000,De Gemeente Amsterdam
363010000730275,888888888,3630000004229,3630000191196,3630000730275,3630013005447,126232,1707545,1246,832710,vbo,22934,Lutmastraat,Lutmastraat,LUTMASTR,1,,2,1072 JM,Best-woning,4,62,nee,02-04-13,GV00001616_AC00AC,2,1,Meergezinswoning,huur,Premiehuur Profit voor 1985,woning,tussengebouw,naamgeving uitgegeven,N,01-01-22,,Verblijfsobject in gebruik,121348,484863,1922,ASD18,V,5907,G,0,149,03-01-94,Eigendom,1-jan.,100000,De Gemeente Amsterdam
363010000730275,999999999,3630000004229,3630000191196,3630000730275,3630013005447,126229,1707530,1246,832701,vbo,22934,Lutmastraat,Lutmastraat,LUTMASTR,1,,2,1072 JM,Best-woning,4,62,nee,02-04-13,GV00001616_AC00AC,2,1,Meergezinswoning,huur,Premiehuur Profit voor 1985,woning,tussengebouw,naamgeving uitgegeven,N,01-01-22,,Verblijfsobject in gebruik,121348,484863,1922,ASD18,V,5904,G,0,149,03-01-94,Eigendom,1-jan.,100000,De Gemeente Amsterdam
363010000730275,111111111,3630000004229,3630000191196,3630000730275,3630013005447,126230,1707535,1246,832704,vbo,22934,Lutmastraat,Lutmastraat,LUTMASTR,1,,2,1072 JM,Best-woning,4,62,nee,02-04-13,GV00001616_AC00AC,2,1,Meergezinswoning,huur,Premiehuur Profit voor 1985,woning,tussengebouw,naamgeving uitgegeven,N,01-01-22,,Verblijfsobject in gebruik,121348,484863,1922,ASD18,V,5905,G,0,158,03-01-94,Eigendom,1-jan.,100000,De Gemeente Amsterdam
363010000713237,222222222,3630000004059,3630000174228,3630000713237,3630013117352,152825,1664218,20850,1007294,vbo,20664,Krammerstraat,Krammerstraat,KRAMMERSTR,1,,2,1078 KG,Best-woning,4,72,nee,09-09-10,GV00000406,2,1,Meergezinswoning,huur,Ongesubsidieerde bouw,woning,tussengebouw,naamgeving uitgegeven,N,01-01-29,,Verblijfsobject in gebruik,120955,484273,1929,ASD18,V,6913,G,0,155,05-01-93,Eigendom bel. met recht van erfpacht,1-jan.,100000,De Gemeente Amsterdam V
363010000713241,333333333,3630000004059,3630000174232,3630000713241,3630012982464,152826,1664225,20850,1007297,vbo,20664,Krammerstraat,Krammerstraat,KRAMMERSTR,1,,H,1078 KG,Best-woning,4,73,nee,09-09-10,GV00000406,0,1,Meergezinswoning,huur,Ongesubsidieerde bouw,woning,tussengebouw,naamgeving uitgegeven,N,01-01-29,,Verblijfsobject in gebruik,120954,484264,1929,ASD18,V,6914,G,0,157,05-01-93,Eigendom bel. met recht van erfpacht,1-jan.,100000,De Gemeente Amsterdam V
363010000708173,444444444,3630000004016,3630000169234,3630000708173,3630013060972,250161,1057509,20837,712126,vbo,20095,Kloveniersburgwal,Kloveniersburgwal,KLOVENIERSBURGWAL,1,F,,1011 JV,Best-wooneenheden,1,50,nee,09-09-10,GV00000406,3,1,Meergezinswoning,huur,Ongesubsidieerde bouw,woning,tussengebouw,naamgeving uitgegeven,N,01-01-1005,,Verblijfsobject in gebruik,121812,487193,1005,ASD05,G,3162,G,0,143,22-01-97,Eigendom bel. met recht van erfpacht,1-jan.,100000,De Gemeente Amsterdam G
363010000708175,555555555,3630000004016,3630000169236,3630000708175,3630013060972,250161,1057509,20837,712126,vbo,20095,Kloveniersburgwal,Kloveniersburgwal,KLOVENIERSBURGWAL,1,H,,1011 JV,Best-wooneenheden,1,50,nee,09-09-10,GV00000406,4,1,Meergezinswoning,huur,Ongesubsidieerde bouw,woning,tussengebouw,naamgeving uitgegeven,N,01-01-1005,,Verblijfsobject in gebruik,121816,487191,1005,ASD05,G,3162,G,0,143,22-01-97,Eigendom bel. met recht van erfpacht,1-jan.,100000,De Gemeente Amsterdam G
363010000679724,666666666,3630000003399,3630000141406,3630000679724,3630013024835,45474,2701185,24759,1590518,vbo,17035,Jacob Melkmanstraat,Jacob Melkmanstraat,J MELKMANSTR,1,,,1063 GM,Best-woning,4,78,nee,02-04-13,GV00001616_AC00AC,0,2,Eengezinswoning,huur,Premiekoop voor 1985,woning,tussengebouw,naamgeving uitgegeven,N,01-01-55,,Verblijfsobject in gebruik,116658,488444,1955,STN02,D,6116,G,0,15,12-03-13,Eigendom bel. met recht van erfpacht,1-jan.,100000,De Gemeente Amsterdam Sloten
363010000679724,777777777,3630000003399,3630000141406,3630000679724,3630013024835,49101,2708179,24759,1581814,vbo,17035,Jacob Melkmanstraat,Jacob Melkmanstraat,J MELKMANSTR,1,,,1063 GM,Best-woning,4,78,nee,02-04-13,GV00001616_AC00AC,0,2,Eengezinswoning,huur,Premiekoop voor 1985,woning,tussengebouw,naamgeving uitgegeven,N,01-01-55,,Verblijfsobject in gebruik,116658,488444,1955,STN02,D,3033,G,0,86,12-03-13,Eigendom bel. met recht van erfpacht,1-jan.,100000,De Gemeente Amsterdam Sloten
363010000679726,888888888,3630000003399,3630000141408,3630000679726,3630012961679,49099,2532972,24759,1471591,vbo,17035,Jacob Melkmanstraat,Jacob Melkmanstraat,J MELKMANSTR,1,,,1063 GM,Best-woning,4,78,nee,02-04-13,GV00001616_AC00AC,0,2,Eengezinswoning,eigendom,Premiehuur Profit voor 1985,woning,hoekgebouw,naamgeving uitgegeven,N,01-01-55,,Verblijfsobject in gebruik,116648,488445,1955,STN02,D,3031,G,0,90,2016-08-12,Eigendom bel. met recht van erfpacht,1-jan.,100000,De Gemeente Amsterdam Sloten
363010000691998,999999999,3630000003489,3630000153984,3630000691998,3630013005383,56426,407988,24759,462414,vbo,18201,Johan Herman Doornstraat,Johan Herman Doornstraat,J H DOORNSTR,1,,,1063 ED,Best-woning,4,62,nee,09-09-10,GV00000406,0,3,Eengezinswoning,eigendom,Premiehuur Profit voor 1985,woning,tussengebouw,naamgeving uitgegeven,N,01-01-53,,Verblijfsobject in gebruik,117243,488616,1953,STN02,D,2353,G,0,76,06-01-07,Eigendom bel. met recht van erfpacht,1-jan.,100000,De Gemeente Amsterdam Sloten
363010000722407,111111111,3630000004161,3630000183235,3630000722407,3630013037199,373210,1142222,102920,715571,vbo,21903,Leliegracht,Leliegracht,LELIEGR,1,,2,1015 DG,Best-woning,3,54,nee,02-04-13,GV00001616_AC00AC,2,1,Meergezinswoning,huur,Ongesubsidieerde bouw,woning,tussengebouw,naamgeving uitgegeven,N,01-01-33,,Verblijfsobject in gebruik,120929,487605,1933,ASD09,M,2737,G,0,101,29-12-88,Eigendom,1-jan.,100000,Vve Van Het Gebouw Leliegr.26 Te Amsterdam
363010000724656,222222222,3630000004184,3630000185446,3630000724656,3630013015371,407964,1160691,184000,724028,vbo,22322,Lindengracht,Lindengracht,LINDENGR,1,,3,1015 KB,Best-woning,3,45,nee,02-04-13,GV00001616_AC00AC,3,1,Meergezinswoning,huur,Ongesubsidieerde bouw,woning,tussengebouw,naamgeving uitgegeven,N,01-01-32,,Verblijfsobject in gebruik,120936,488177,1932,ASD08,L,5380,G,0,171,29-12-95,Eigendom,1-jan.,100000,Vve.V/H Gebouw Lindengracht 29/31 Te Amsterdam
363010000712109,333333333,3630000004056,3630000173134,3630000712109,3630013037078,385152,1240694,79190,756266,vbo,20621,Kraijenhoffstraat,Kraijenhoffstraat,KRAYENHOFFSTR,1,,1,1018 RL,Best-woning,2,41,nee,09-09-10,GV00000406,1,1,Meergezinswoning,eigendom,Ongesubsidieerde bouw,woning,tussengebouw,naamgeving uitgegeven,N,01-01-36,,Verblijfsobject in gebruik,123843,486911,1936,ASD10,N,3137,G,0,229,28-01-94,Eigendom,1-jan.,100000,Vereniging Van Eigenaars Van Het Gebouw Krayenhoffstraat 24-30  Beneden Te Amsterdam
363010000683003,444444444,3630000003412,3630000144743,3630000683003,3630013071036,189019,300092,1246,1205355,vbo,17183,James Cookstraat,James Cookstraat,J COOKSTR,1,,1,1056 RX,Best-woning,3,47,nee,09-09-10,GV00000406,1,1,Meergezinswoning,huur,Premiehuur Profit voor 1985,woning,tussengebouw,naamgeving uitgegeven,N,01-01-26,,Verblijfsobject in gebruik,118548,487274,1926,STN02,L,2818,G,0,480,03-11-93,Eigendom,1-jan.,100000,De Gemeente Amsterdam
363010000683025,555555555,3630000003412,3630000144765,3630000683025,3630013026335,161363,247273,1246,1230698,vbo,17183,James Cookstraat,James Cookstraat,J COOKSTR,1,,3,1056 SB,Best-woning,4,47,nee,02-04-13,GV00001616_AC00AC,3,1,Meergezinswoning,huur,Premiehuur Profit voor 1985,woning,tussengebouw,naamgeving uitgegeven,N,01-01-26,,Verblijfsobject in gebruik,118573,487256,1926,STN02,L,1380,G,0,120,12-01-90,Eigendom,1-jan.,100000,De Gemeente Amsterdam
363010000695263,666666666,3630000003927,3630000157023,3630000695263,3630013007486,444984,505826,289716,542446,vbo,18600,Joos Banckersweg,Joos Banckersweg,J BANCKERSWG,1,,3,1056 ER,Best-woning,7,124,nee,02-04-13,GV00001616_AC00AC,3,2,Meergezinswoning,huur,Ongesubsidieerde bouw,woning,tussengebouw,naamgeving uitgegeven,N,01-01-39,,Verblijfsobject in gebruik,118912,487730,1939,STN02,C,10820,A,101,,2020-12-07,Eigendom,1-jan.,100000,Rvg Beleggingen Amsterdam B.V.
363010000695281,777777777,3630000003927,3630000157041,3630000695281,3630013010255,445002,505838,289716,542458,vbo,18600,Joos Banckersweg,Joos Banckersweg,J BANCKERSWG,1,,3,1056 ER,Best-woning,7,119,nee,02-04-13,GV00001616_AC00AC,3,1,Meergezinswoning,huur,Ongesubsidieerde bouw,woning,hoekgebouw,naamgeving uitgegeven,N,01-01-39,,Verblijfsobject in gebruik,118909,487764,1939,STN02,C,10820,A,119,,2020-12-07,Eigendom,1-jan.,100000,Rvg Beleggingen Amsterdam B.V.
363010000695277,888888888,3630000003927,3630000157037,3630000695277,3630012982487,444998,505834,289716,542454,vbo,18600,Joos Banckersweg,Joos Banckersweg,J BANCKERSWG,1,,3,1056 ER,Best-woning,7,124,nee,02-04-13,GV00001616_AC00AC,3,2,Meergezinswoning,huur,Ongesubsidieerde bouw,woning,tussengebouw,naamgeving uitgegeven,N,01-01-39,,Verblijfsobject in gebruik,118909,487755,1939,STN02,C,10820,A,115,,2020-12-07,Eigendom,1-jan.,100000,Rvg Beleggingen Amsterdam B.V.
363010000718863,999999999,3630000004131,3630000179770,3630000718863,3630013031733,480510,809623,24760,7135,vbo,21539,Laplacestraat,Laplacestraat,LAPLACESTR,1,,H,1098 HW,Best-woning,5,90,nee,09-09-10,GV00000406,0,1,Meergezinswoning,huur,Ongesubsidieerde bouw,woning,tussengebouw,naamgeving uitgegeven,N,01-01-29,,Verblijfsobject in gebruik,124371,485426,1929,WTG02,B,4330,G,0,222,02-02-01,Eigendom bel. met recht van erfpacht,1-jan.,100000,De Gemeente Amsterdam Watergraafsmeer
363010000758096,111111111,3630000004683,3630000218433,3630000758096,3630013014387,13048,1195095,93256,747730,vbo,26212,Nieuwe Uilenburgerstraat,Nieuwe Uilenburgerstraat,NW UILENBURGERSTR,1,H,,1011 LM,Best-woning,2,53,nee,09-09-10,GV00000406,4,1,Meergezinswoning,huur,Ongesubsidieerde bouw,woning,tussengebouw,naamgeving uitgegeven,N,01-01-1005,,Verblijfsobject in gebruik,122282,487107,1905,ASD12,P,2703,G,0,,13-12-88,Eigendom,1-jan.,100000,Vereniging Van Eigenaars Flatgebouw Nieuwe Uilenburgerstraat    13 Tot En Met 25 ( Oneven Nummers ) Te Amsterdam
363010000744146,222222222,3630000004333,3630000204763,3630000744146,3630013072975,274260,1796451,20855,980134,vbo,24333,Milletstraat,Milletstraat,MILLETSTR,1,,2,1077 ZB,Best-woning,5,106,nee,02-04-13,GV00001616_AC00AC,2,1,Meergezinswoning,huur,Ongesubsidieerde bouw,woning,tussengebouw,naamgeving uitgegeven,N,01-01-38,,Verblijfsobject in gebruik,119766,484339,1938,ASD23,AB,1313,G,0,322,27-05-98,Eigendom bel. met recht van erfpacht,1-jan.,100000,De Gemeente Amsterdam Ab
363010000746330,333333333,3630000003815,3630000206965,3630000746330,3630013056674,376153,1125583,1246,658331,vbo,24732,Mosplein,Mosplein,MOSPLN,1,,,1032 JX,Best-gemengde panden,7,127,nee,09-09-10,GV00000406,0,1,Eengezinswoning,huur,Ongesubsidieerde bouw,woning,tussengebouw,naamgeving uitgegeven,N,01-01-29,,Verblijfsobject in gebruik,122755,489496,1929,ASD07,K,7274,G,0,128,10-01-94,Eigendom bel. met recht van erfpacht,1-jan.,100000,De Gemeente Amsterdam
363010000738450,444444444,3630000004278,3630000199432,3630000738450,3630013098279,48280,2701230,24759,1590538,vbo,23531,Marten Corverhof,Marten Corverhof,M CORVERHOF,1,,,1065 TH,Best-woning,3,64,nee,09-09-10,GV00000406,0,2,Eengezinswoning,huur,Sociale huursector woningwet,woning,tussengebouw,naamgeving uitgegeven,N,01-01-59,,Verblijfsobject in gebruik,117017,485241,1959,STN02,D,8242,G,0,92,1931-12-13,Eigendom bel. met recht van erfpacht,1-jan.,100000,De Gemeente Amsterdam Sloten
363010000758286,555555555,3630000004688,3630000218627,3630000758286,3630013125750,245510,1056250,68588,657536,vbo,26263,Nieuwezijds Armsteeg,Nieuwezijds Armsteeg,NIEUWEZYDS ARMSTG,1,,,1012 NB,Best-woning,2,48,nee,02-04-13,GV00001616_AC00AC,2,1,Meergezinswoning,huur,Sociale huursector woningwet,woning,tussengebouw,naamgeving uitgegeven,N,01-10-86,,Verblijfsobject in gebruik,121559,487800,1986,ASD04,F,7330,G,0,1075,06-04-88,Eigendom,1-jan.,100000,V V E Nieuwe Zijds Armsteeg 15 Te Amsterdam
363010000758286,666666666,3630000004688,3630000218627,3630000758286,3630013125750,264212,1090517,68588,630884,vbo,26263,Nieuwezijds Armsteeg,Nieuwezijds Armsteeg,NIEUWEZYDS ARMSTG,1,,,1012 NB,Best-woning,2,48,nee,02-04-13,GV00001616_AC00AC,2,1,Meergezinswoning,huur,Sociale huursector woningwet,woning,tussengebouw,naamgeving uitgegeven,N,01-10-86,,Verblijfsobject in gebruik,121559,487800,1986,ASD04,F,7292,G,0,25,06-04-88,Eigendom,1-jan.,100000,V V E Nieuwe Zijds Armsteeg 15 Te Amsterdam
363010000758286,777777777,3630000004688,3630000218627,3630000758286,3630013125750,245511,1056252,68588,657538,vbo,26263,Nieuwezijds Armsteeg,Nieuwezijds Armsteeg,NIEUWEZYDS ARMSTG,1,,,1012 NB,Best-woning,2,48,nee,02-04-13,GV00001616_AC00AC,2,1,Meergezinswoning,huur,Sociale huursector woningwet,woning,tussengebouw,naamgeving uitgegeven,N,01-10-86,,Verblijfsobject in gebruik,121559,487800,1986,ASD04,F,7331,G,0,26,06-04-88,Eigendom,1-jan.,100000,V V E Nieuwe Zijds Armsteeg 15 Te Amsterdam
363010000767066,888888888,3630000004764,3630000227279,3630000767066,3630012984245,101258,2161553,24759,418429,vbo,27316,Oude Meerhof,Oude Meerhof,OUDE MEERHOF,1,,,1069 VS,Best-woning,4,80,nee,02-04-13,GV00001616_AC00AC,0,3,Eengezinswoning,eigendom,Sociale huursector woningwet,woning,tussengebouw,naamgeving uitgegeven,N,01-01-64,,Verblijfsobject in gebruik,113838,485509,1964,STN02,G,5209,G,0,104,05-01-06,Eigendom bel. met recht van erfpacht,1-jan.,100000,De Gemeente Amsterdam Sloten
363010000763089,999999999,3630000004736,3630000223326,3630000763089,3630013025822,293170,2347206,20863,1357118,vbo,26883,Oosthuizenstraat,Oosthuizenstraat,OOSTHUIZENSTR,1,,,1023 TX,Best-woning,3,52,nee,02-04-13,GV00001616_AC00AC,0,1,Eengezinswoning,eigendom,Sociale huursector woningwet,woning,tussengebouw,naamgeving uitgegeven,N,01-01-27,,Verblijfsobject in gebruik,125161,489260,1927,ASD31,AL,4040,G,0,50,2016-12-10,Eigendom bel. met recht van erfpacht,1-jan.,100000,De Gemeente Amsterdam Al
363010000763092,111111111,3630000004736,3630000223329,3630000763092,3630013012007,293167,1345342,20863,193090,vbo,26883,Oosthuizenstraat,Oosthuizenstraat,OOSTHUIZENSTR,1,,,1023 TX,Best-woning,3,52,nee,02-04-13,GV00001616_AC00AC,0,1,Eengezinswoning,eigendom,Sociale huursector woningwet,woning,tussengebouw,naamgeving uitgegeven,N,01-01-27,,Verblijfsobject in gebruik,125155,489273,1927,ASD31,AL,4037,G,0,50,2017-05-05,Eigendom bel. met recht van erfpacht,1-jan.,100000,De Gemeente Amsterdam Al
363010000763518,222222222,3630000004742,3630000223753,3630000763518,3630013028838,283665,323913,20862,429750,vbo,26964,Opveld,Opveld,OPVELD,1,,,1082 AB,Best-woning,5,101,nee,09-09-10,GV00000406,0,2,Eengezinswoning,eigendom,Ongesubsidieerde bouw,woning,tussengebouw,naamgeving uitgegeven,N,01-01-61,,Verblijfsobject in gebruik,120410,481860,1961,ASD30,AK,1103,G,0,162,10-03-06,Eigendom bel. met recht van erfpacht,1-jan.,100000,De Gemeente Amsterdam Ak
363010000728214,333333333,3630000004206,3630000188942,3630000728214,3630013088815,37034,1655243,20848,819966,vbo,22659,Lootsstraat,Lootsstraat,LOOTSSTR,1,,1,1053 NV,Best-woning,2,42,nee,09-09-10,GV00000406,1,1,Meergezinswoning,huur,Ongesubsidieerde bouw,woning,tussengebouw,naamgeving uitgegeven,N,01-01-1005,,Verblijfsobject in gebruik,119192,486319,1907,ASD16,T,3623,G,0,86,07-01-97,Eigendom bel. met recht van erfpacht,1-jan.,100000,De Gemeente Amsterdam T
363010000733844,444444444,3630000004254,3630000194806,3630000733844,3630012964000,523371,2456089,24759,1416199,vbo,23221,Manna de Wijs-Moutonhof,Manna de Wijs-Moutonhof,M DE W MOUTONHOF,1,,,1068 WJ,Best-woning,4,62,nee,09-09-10,GV00000406,0,3,Eengezinswoning,eigendom,Sociale huursector woningwet,woning,hoekgebouw,naamgeving uitgegeven,N,01-01-60,,Verblijfsobject in gebruik,116125,485315,1960,STN02,D,10306,G,0,70,2023-01-12,Eigendom bel. met recht van erfpacht,1-jan.,100000,De Gemeente Amsterdam Sloten
363010000753869,555555555,3630000003892,3630000214387,3630000753869,3630013038680,247130,1133036,133765,663423,vbo,25771,Noorderstraat,Noorderstraat,NOORDERSTR,1,,2,1017 TR,Best-woning,2,42,nee,02-04-13,GV00001616_AC00AC,2,1,Meergezinswoning,huur,Ongesubsidieerde bouw,woning,tussengebouw,naamgeving uitgegeven,N,01-01-41,,Verblijfsobject in gebruik,121299,486069,1941,ASD06,I,9259,G,0,218,02-10-92,Eigendom,1-jan.,100000,Vve. Noorderstr.19/21/23
363010000753871,666666666,3630000003892,3630000214390,3630000753871,3630013038680,247130,1133036,133765,663423,vbo,25771,Noorderstraat,Noorderstraat,NOORDERSTR,1,,1,1017 TR,Best-woning,2,45,nee,09-09-10,GV00000406,1,1,Meergezinswoning,eigendom,Ongesubsidieerde bouw,woning,tussengebouw,naamgeving uitgegeven,N,01-01-41,,Verblijfsobject in gebruik,121302,486068,1941,ASD06,I,9259,G,0,218,02-10-92,Eigendom,1-jan.,100000,Vve. Noorderstr.19/21/23
363010000738289,777777777,3630000004274,3630000199265,3630000738289,3630013098393,265940,1803547,1246,1021470,vbo,23493,Marquette,Marquette,MARQUETTE,1,,,1081 AG,Best-woning,6,116,nee,09-09-10,GV00000406,0,3,Eengezinswoning,huur,Premiehuur Profit voor 1985,woning,tussengebouw,naamgeving uitgegeven,N,01-01-60,,Verblijfsobject in gebruik,119624,481936,1960,ASD30,AK,392,G,0,106,01-02-90,Eigendom bel. met recht van erfpacht,1-jan.,100000,De Gemeente Amsterdam
363010000753873,888888888,3630000003892,3630000214392,3630000753873,3630013038680,247130,1133036,133765,663423,vbo,25771,Noorderstraat,Noorderstraat,NOORDERSTR,1,,3,1017 TR,Best-woning,2,43,nee,09-09-10,GV00000406,3,1,Meergezinswoning,eigendom,Ongesubsidieerde bouw,woning,tussengebouw,naamgeving uitgegeven,N,01-01-41,,Verblijfsobject in gebruik,121302,486068,1941,ASD06,I,9259,G,0,218,02-10-92,Eigendom,1-jan.,100000,Vve. Noorderstr.19/21/23
363010000753873,999999999,3630000003892,3630000214392,3630000753873,3630013038680,247130,1133036,133765,663423,vbo,25771,Noorderstraat,Noorderstraat,NOORDERSTR,1,,3,1017 TR,Best-woning,2,43,nee,09-09-10,GV00000406,3,1,Meergezinswoning,eigendom,Ongesubsidieerde bouw,woning,tussengebouw,naamgeving uitgegeven,N,01-01-41,,Verblijfsobject in gebruik,121302,486068,1941,ASD06,I,9259,G,0,218,02-10-92,Eigendom,1-jan.,100000,Vve. Noorderstr.19/21/23
363010000732975,111111111,3630000004240,3630000193959,3630000732975,3630013092402,437528,106998,1246,1063626,vbo,23051,Magalhaensplein,Magalhaensplein,MAGALHAENSPLN,1,,3,1057 VE,Best-woning,3,52,nee,08-09-12,GV00001551,3,1,Meergezinswoning,huur,Premiehuur Profit voor 1985,woning,tussengebouw,naamgeving uitgegeven,N,01-01-24,,Verblijfsobject in gebruik,118624,486773,1924,STN02,C,5797,G,0,119,03-02-92,Eigendom,1-jan.,100000,De Gemeente Amsterdam
363010000753510,222222222,3630000003885,3630000214034,3630000753510,3630013078424,222249,2413144,20863,1396109,vbo,25631,Noord-Bevelandstraat,Noord-Bevelandstraat,N BEVELANDSTR,1,,,1025 NP,Best-woning,3,51,nee,09-09-10,GV00000406,0,3,Eengezinswoning,eigendom,Sociale huursector woningwet,woning,tussengebouw,naamgeving uitgegeven,N,01-01-32,,Verblijfsobject in gebruik,123831,489547,1932,ASD31,AL,4515,G,0,83,07-07-11,Eigendom bel. met recht van erfpacht,1-jan.,100000,De Gemeente Amsterdam Al
363010000793299,333333333,3630000004666,3630000252554,3630000793299,3630013096896,511163,2634512,24759,1540777,vbo,30945,Rijssenburghof,Rijssenburghof,RYSSENBURGHOF,1,,,1069 VD,Best-woning,6,99,nee,02-04-13,GV00001616_AC00AC,0,3,Eengezinswoning,huur,Sociale huursector woningwet,woning,tussengebouw,naamgeving uitgegeven,N,01-01-64,,Verblijfsobject in gebruik,113712,485484,1964,STN02,G,5809,G,0,113,07-03-13,Eigendom bel. met recht van erfpacht,1-jan.,100000,De Gemeente Amsterdam Sloten
363010000781084,444444444,3630000004569,3630000240800,3630000781084,3630013058165,7128,1229091,171399,752921,vbo,29424,Potgieterstraat,Potgieterstraat,POTGIETERSTR,1,,2,1053 XR,Best-woning,2,39,nee,09-09-10,GV00000406,2,1,Meergezinswoning,huur,Ongesubsidieerde bouw,woning,tussengebouw,naamgeving uitgegeven,N,01-01-1005,,Verblijfsobject in gebruik,120053,486979,1889,ASD13,Q,1440,G,0,70,20-11-95,Eigendom,1-jan.,100000,V.V.E. Potgieterstraat 29 Te Amsterdam
363010000801523,555555555,3630000004441,3630000260454,3630000801523,3630013117441,133488,2180169,20849,1255056,vbo,31658,Ruysdaelstraat,Ruysdaelstraat,RUYSDAELSTR,1,,3,1071 WZ,Best-woning,3,66,nee,02-04-13,GV00001616_AC00AC,3,1,Meergezinswoning,huur,Ongesubsidieerde bouw,woning,tussengebouw,naamgeving uitgegeven,N,01-01-25,,Verblijfsobject in gebruik,120788,485266,1925,ASD17,U,8231,G,0,185,06-02-09,Eigendom bel. met recht van erfpacht,1-jan.,100000,Gemeente Amsterdam U
363010000801523,666666666,3630000004441,3630000260454,3630000801523,3630013117441,133489,2180171,20849,1255057,vbo,31658,Ruysdaelstraat,Ruysdaelstraat,RUYSDAELSTR,1,,3,1071 WZ,Best-woning,3,66,nee,02-04-13,GV00001616_AC00AC,3,1,Meergezinswoning,huur,Ongesubsidieerde bouw,woning,tussengebouw,naamgeving uitgegeven,N,01-01-25,,Verblijfsobject in gebruik,120788,485266,1925,ASD17,U,8232,G,0,183,06-02-09,Eigendom bel. met recht van erfpacht,1-jan.,100000,Gemeente Amsterdam U
363010000840129,777777777,3630000005210,3630000298420,3630000840129,3630013119448,123934,1668500,20850,827601,vbo,36692,Van Hilligaertstraat,Van Hilligaertstraat,V HILLIGAERTSTR,1,,2,1072 JX,Best-woning,3,57,nee,09-09-10,GV00000406,2,1,Meergezinswoning,huur,Ongesubsidieerde bouw,woning,hoekgebouw,naamgeving uitgegeven,N,01-01-29,,Verblijfsobject in gebruik,121020,484772,1929,ASD18,V,9566,G,0,567,01-07-99,Eigendom bel. met recht van erfpacht,1-jan.,100000,De Gemeente Amsterdam V
363010000775003,888888888,3630000004373,3630000235051,3630000775003,3630012981687,408993,1599475,1246,735626,vbo,28681,Pieter de Hoochstraat,Pieter de Hoochstraat,P DE HOOCHSTR,1,,2,1071 EE,Best-woning,9,159,nee,02-04-13,GV00001616_AC00AC,99,2,Meergezinswoning,huur,Ongesubsidieerde bouw,woning,tussengebouw,naamgeving uitgegeven,N,01-01-13,,Verblijfsobject in gebruik,120785,485560,1913,ASD14,R,5175,G,0,283,03-07-95,Eigendom bel. met recht van erfpacht,1-jan.,100000,De Gemeente Amsterdam
363010000775900,999999999,3630000004382,3630000235957,3630000775900,3630013099308,451829,2397494,24759,1388016,vbo,28797,Pieter Postsingel,Pieter Postsingel,P POSTSNGL,1,,,1067 AN,Best-woning,4,80,nee,09-09-10,GV00000406,0,3,Eengezinswoning,huur,Sociale huursector woningwet,woning,tussengebouw,naamgeving uitgegeven,N,01-01-55,,Verblijfsobject in gebruik,115034,488575,1955,STN02,I,4365,G,0,82,06-08-11,Eigendom bel. met recht van erfpacht,1-jan.,100000,De Gemeente Amsterdam Sloten
